DT_LEITURA,VL_TEMP_MEDIA
2018-01-01,23.8539455
2018-01-02,24.2238000
2018-01-03,22.1268000
2018-01-04,22.2856727
2018-01-05,22.2708727
2018-01-06,22.6743818
2018-01-07,18.9741273
2018-01-08,19.3707273
2018-01-09,21.1367455
2018-01-10,22.8967818
2018-01-11,23.5674727
2018-01-12,22.2234364
2018-01-13,22.7330727
2018-01-14,24.1066000
2018-01-15,24.8799091
2018-01-16,24.4763636
2018-01-17,24.9792000
2018-01-18,26.5117273
2018-01-19,24.6280364
2018-01-20,22.8483636
2018-01-21,23.5896909
2018-01-22,24.9759273
2018-01-23,25.3786182
2018-01-24,25.2662000
2018-01-25,24.3640364
2018-01-26,21.8827091
2018-01-27,21.0663455
2018-01-28,23.5764909
2018-01-29,23.5494000
2018-01-30,19.4527636
2018-01-31,20.4858909
2018-02-01,21.3518182
2018-02-02,21.8232909
2018-02-03,20.8867636
2018-02-04,20.0651091
2018-02-05,20.6667636
2018-02-06,20.3648182
2018-02-07,22.1226545
2018-02-08,23.9318909
2018-02-09,25.8840000
2018-02-10,24.5082727
2018-02-11,25.0444909
2018-02-12,25.6379091
2018-02-13,20.7054364
2018-02-14,19.5221818
2018-02-15,20.3858182
2018-02-16,19.7182909
2018-02-17,21.3985273
2018-02-18,21.3352000
2018-02-19,23.1001273
2018-02-20,24.3115091
2018-02-21,24.7289273
2018-02-22,24.0309818
2018-02-23,22.0105091
2018-02-24,21.7125455
2018-02-25,21.5337091
2018-02-26,21.8724909
2018-02-27,22.5094364
2018-02-28,23.8492909
2018-03-01,24.2983818
2018-03-02,24.4392545
2018-03-03,23.5045273
2018-03-04,24.5247273
2018-03-05,24.0038364
2018-03-06,24.2036364
2018-03-07,23.5692182
2018-03-08,21.6845455
2018-03-09,21.9428909
2018-03-10,22.1123818
2018-03-11,23.7286182
2018-03-12,24.9793636
2018-03-13,24.0103273
2018-03-14,25.1851273
2018-03-15,24.2933091
2018-03-16,25.7414909
2018-03-17,24.1156182
2018-03-18,24.2419818
2018-03-19,25.0302727
2018-03-20,24.6507818
2018-03-21,22.2860545
2018-03-22,21.8525455
2018-03-23,23.6264545
2018-03-24,24.5799273
2018-03-25,25.2766000
2018-03-26,23.6443636
2018-03-27,22.5486545
2018-03-28,22.0433273
2018-03-29,22.5085455
2018-03-30,22.6114909
2018-03-31,22.6417455
2018-04-01,23.5646727
2018-04-02,23.2962909
2018-04-03,22.8564182
2018-04-04,21.7354364
2018-04-05,22.0212727
2018-04-06,22.0488545
2018-04-07,21.6662364
2018-04-08,21.9272545
2018-04-09,21.7673455
2018-04-10,22.1566545
2018-04-11,21.7059091
2018-04-12,22.4305091
2018-04-13,23.5802909
2018-04-14,21.9402727
2018-04-15,19.6442000
2018-04-16,18.5420182
2018-04-17,18.7191455
2018-04-18,18.9430000
2018-04-19,18.9715455
2018-04-20,19.2947091
2018-04-21,18.8324909
2018-04-22,20.1356909
2018-04-23,20.8409636
2018-04-24,21.0056364
2018-04-25,21.6826000
2018-04-26,21.6212727
2018-04-27,22.1333273
2018-04-28,22.2415273
2018-04-29,21.8386727
2018-04-30,22.1681273
2018-05-01,21.8175636
2018-05-02,21.3480727
2018-05-03,22.1401091
2018-05-04,22.5446000
2018-05-05,22.5155273
2018-05-06,20.8073818
2018-05-07,20.4319273
2018-05-08,19.3381091
2018-05-09,19.3605091
2018-05-10,19.8230727
2018-05-11,21.2652182
2018-05-12,21.2500909
2018-05-13,18.6528727
2018-05-14,19.3724909
2018-05-15,19.6276182
2018-05-16,21.0096000
2018-05-17,20.1936364
2018-05-18,21.3182909
2018-05-19,20.6703273
2018-05-20,14.5609455
2018-05-21,14.2244909
2018-05-22,15.2818545
2018-05-23,15.5737091
2018-05-24,16.6946000
2018-05-25,17.5475818
2018-05-26,17.9421091
2018-05-27,17.6643455
2018-05-28,16.8799818
2018-05-29,17.3640727
2018-05-30,17.6119455
2018-05-31,18.1619273
2018-06-01,20.0692364
2018-06-02,20.3862545
2018-06-03,17.5036000
2018-06-04,15.0051636
2018-06-05,15.9514545
2018-06-06,17.5495818
2018-06-07,18.2234182
2018-06-08,17.0144727
2018-06-09,16.3370727
2018-06-10,18.4667818
2018-06-11,20.6346727
2018-06-12,23.4687818
2018-06-13,21.2761818
2018-06-14,16.6561636
2018-06-15,14.4426000
2018-06-16,14.4188364
2018-06-17,15.3339455
2018-06-18,16.6340727
2018-06-19,17.9362000
2018-06-20,18.8621818
2018-06-21,19.2339091
2018-06-22,19.3316545
2018-06-23,19.7299818
2018-06-24,21.3832182
2018-06-25,20.4104727
2018-06-26,20.7030000
2018-06-27,18.6189273
2018-06-28,19.4666545
2018-06-29,19.6163455
2018-06-30,19.7192545
2018-07-01,19.6742545
2018-07-02,20.1043091
2018-07-03,18.8336000
2018-07-04,17.6265091
2018-07-05,18.8418545
2018-07-06,19.6707273
2018-07-07,18.9643455
2018-07-08,20.1530182
2018-07-09,18.4870727
2018-07-10,13.0699273
2018-07-11,11.5074545
2018-07-12,12.6192000
2018-07-13,14.7336909
2018-07-14,18.2923818
2018-07-15,19.0437273
2018-07-16,19.8211455
2018-07-17,19.3560182
2018-07-18,20.3513273
2018-07-19,20.7347091
2018-07-20,21.6601818
2018-07-21,19.8380909
2018-07-22,17.0151636
2018-07-23,19.0178364
2018-07-24,16.8911636
2018-07-25,17.6088545
2018-07-26,18.4127636
2018-07-27,19.8329273
2018-07-28,20.6687636
2018-07-29,22.1252545
2018-07-30,19.2530000
2018-07-31,15.6663636
2018-08-01,13.3202000
2018-08-02,14.5630364
2018-08-03,15.5782364
2018-08-04,16.9479636
2018-08-05,16.5178182
2018-08-06,14.1194727
2018-08-07,14.5445273
2018-08-08,17.9127636
2018-08-09,19.5517091
2018-08-10,15.8745091
2018-08-11,15.3012909
2018-08-12,13.4918364
2018-08-13,14.4851636
2018-08-14,17.5623273
2018-08-15,15.3265455
2018-08-16,15.4348545
2018-08-17,15.1922909
2018-08-18,16.4068909
2018-08-19,18.4155091
2018-08-20,20.2230909
2018-08-21,19.4041455
2018-08-22,18.9476545
2018-08-23,21.6770909
2018-08-24,23.1300364
2018-08-25,19.1132000
2018-08-26,13.5610727
2018-08-27,13.0603455
2018-08-28,16.8712000
2018-08-29,18.5100909
2018-08-30,21.2828182
2018-08-31,22.3845455
2018-09-01,22.3469091
2018-09-02,21.4183273
2018-09-03,19.0578364
2018-09-04,13.8851455
2018-09-05,13.1542182
2018-09-06,14.1242000
2018-09-07,17.2012182
2018-09-08,16.8421636
2018-09-09,16.8092000
2018-09-10,17.5861818
2018-09-11,17.6696182
2018-09-12,17.5525636
2018-09-13,18.5840909
2018-09-14,17.3864909
2018-09-15,18.4028545
2018-09-16,17.3104364
2018-09-17,17.1357818
2018-09-18,20.1731091
2018-09-19,23.3128000
2018-09-20,20.6533818
2018-09-21,20.4947636
2018-09-22,20.9297273
2018-09-23,22.2116000
2018-09-24,22.4711273
2018-09-25,20.4810000
2018-09-26,22.9629455
2018-09-27,22.4546545
2018-09-28,20.2168545
2018-09-29,21.9699273
2018-09-30,21.9879273
2018-10-01,21.3828545
2018-10-02,23.0447273
2018-10-03,24.5841273
2018-10-04,20.4529636
2018-10-05,16.2121818
2018-10-06,15.7903091
2018-10-07,17.2381455
2018-10-08,19.6989273
2018-10-09,22.7269636
2018-10-10,22.7063818
2018-10-11,19.4990364
2018-10-12,21.2391455
2018-10-13,23.4811636
2018-10-14,18.8633273
2018-10-15,18.8681273
2018-10-16,19.9120909
2018-10-17,23.3218727
2018-10-18,23.2386182
2018-10-19,19.6760364
2018-10-20,17.2613818
2018-10-21,16.4793455
2018-10-22,19.0638909
2018-10-23,21.1356545
2018-10-24,18.1926000
2018-10-25,18.8502909
2018-10-26,21.2023273
2018-10-27,21.6113273
2018-10-28,16.7836364
2018-10-29,16.3054727
2018-10-30,19.4348182
2018-10-31,21.9400727
2018-11-01,22.0689636
2018-11-02,21.2938182
2018-11-03,23.3499273
2018-11-04,18.9317091
2018-11-05,17.8305273
2018-11-06,18.7090727
2018-11-07,18.8962000
2018-11-08,17.9777091
2018-11-09,19.5425455
2018-11-10,20.4434182
2018-11-11,22.1217455
2018-11-12,22.3499636
2018-11-13,25.7778727
2018-11-14,26.9544909
2018-11-15,24.3130727
2018-11-16,20.7171818
2018-11-17,20.7383091
2018-11-18,23.0787818
2018-11-19,17.8896545
2018-11-20,16.4287636
2018-11-21,17.8748909
2018-11-22,21.7360727
2018-11-23,23.7235636
2018-11-24,21.8595273
2018-11-25,20.8581455
2018-11-26,18.9616909
2018-11-27,19.3913273
2018-11-28,21.2505818
2018-11-29,23.4700364
2018-11-30,24.0006909
2018-12-01,22.2438545
2018-12-02,21.5456909
2018-12-03,19.2363455
2018-12-04,22.3564182
2018-12-05,24.0838182
2018-12-06,21.5604909
2018-12-07,19.3532000
2018-12-08,16.7168545
2018-12-09,18.8124909
2018-12-10,22.5388000
2018-12-11,25.2381455
2018-12-12,26.1524545
2018-12-13,24.6909273
2018-12-14,25.8946727
2018-12-15,27.1176545
2018-12-16,26.0927455
2018-12-17,27.7663273
2018-12-18,26.2340727
2018-12-19,25.4664545
2018-12-20,27.4027636
2018-12-21,26.5155273
2018-12-22,26.3462545
2018-12-23,23.8301818
2018-12-24,22.0929455
2018-12-25,21.0003455
2018-12-26,21.6452909
2018-12-27,22.3358000
2018-12-28,23.0899636
2018-12-29,23.5639091
2018-12-30,24.2486545
2018-12-31,24.1458909
2019-01-01,24.2815455
2019-01-02,26.2453636
2019-01-03,26.5126000
2019-01-04,23.6082000
2019-01-05,22.3240545
2019-01-06,24.1359455
2019-01-07,26.4940909
2019-01-08,27.2648909
2019-01-09,26.2896364
2019-01-10,26.5729455
2019-01-11,24.7885273
2019-01-12,24.3598364
2019-01-13,24.7540000
2019-01-14,25.9206909
2019-01-15,26.7656727
2019-01-16,26.0000000
2019-01-17,25.4747091
2019-01-18,25.4222000
2019-01-19,26.4049091
2019-01-20,25.3512364
2019-01-21,26.7514727
2019-01-22,26.3392727
2019-01-23,25.6718000
2019-01-24,24.3298909
2019-01-25,22.6970000
2019-01-26,20.8760545
2019-01-27,23.3914545
2019-01-28,26.6694727
2019-01-29,26.6263091
2019-01-30,26.2725273
2019-01-31,27.2127818
2019-02-01,27.7874727
2019-02-02,27.4684000
2019-02-03,25.4023273
2019-02-04,20.0298000
2019-02-05,19.7731636
2019-02-06,18.2356545
2019-02-07,20.9549273
2019-02-08,23.2282909
2019-02-09,23.8535818
2019-02-10,25.6948182
2019-02-11,27.2888182
2019-02-12,24.6908000
2019-02-13,20.3326727
2019-02-14,20.3050182
2019-02-15,20.3536182
2019-02-16,21.5039636
2019-02-17,21.8560545
2019-02-18,23.8263273
2019-02-19,25.3122364
2019-02-20,24.6317455
2019-02-21,22.5941455
2019-02-22,23.1848545
2019-02-23,24.8227636
2019-02-24,26.4011455
2019-02-25,25.2666000
2019-02-26,21.2136364
2019-02-27,22.5161091
2019-02-28,21.0048727
2019-03-01,21.2610727
2019-03-02,22.2062182
2019-03-03,22.2363818
2019-03-04,22.9738000
2019-03-05,23.7266364
2019-03-06,24.2911636
2019-03-07,24.3334545
2019-03-08,25.1910364
2019-03-09,26.1918000
2019-03-10,22.9622000
2019-03-11,21.3506545
2019-03-12,23.2336364
2019-03-13,24.6095455
2019-03-14,23.7084000
2019-03-15,22.9035091
2019-03-16,23.5317273
2019-03-17,23.0846909
2019-03-18,25.7385273
2019-03-19,24.6603273
2019-03-20,22.4519091
2019-03-21,18.9817273
2019-03-22,18.9501636
2019-03-23,21.3336545
2019-03-24,22.6265636
2019-03-25,24.1928727
2019-03-26,23.4627273
2019-03-27,22.6670909
2019-03-28,20.8885273
2019-03-29,20.5521455
2019-03-30,21.1721818
2019-03-31,21.4392727
2019-04-01,21.7881091
2019-04-02,21.3828000
2019-04-03,22.6200364
2019-04-04,24.6418545
2019-04-05,26.2829273
2019-04-06,24.5356182
2019-04-07,23.1674727
2019-04-08,21.3616909
2019-04-09,19.7735455
2019-04-10,19.2060182
2019-04-11,21.1826545
2019-04-12,22.5925636
2019-04-13,22.7474364
2019-04-14,19.8759636
2019-04-15,21.7694000
2019-04-16,22.9932000
2019-04-17,22.1094364
2019-04-18,20.7743818
2019-04-19,20.8091455
2019-04-20,21.9754727
2019-04-21,23.5884545
2019-04-22,23.3112000
2019-04-23,22.8414909
2019-04-24,22.9286545
2019-04-25,23.4611091
2019-04-26,22.8840545
2019-04-27,23.9095091
2019-04-28,23.6664727
2019-04-29,20.1895818
2019-04-30,21.0916364
2019-05-01,21.5985273
2019-05-02,23.0820909
2019-05-03,23.9483091
2019-05-04,24.1037455
2019-05-05,22.9800909
2019-05-06,23.6419273
2019-05-07,21.2528182
2019-05-08,18.9651636
2019-05-09,19.2570000
2019-05-10,21.7490909
2019-05-11,22.8658909
2019-05-12,23.0156545
2019-05-13,22.5998364
2019-05-14,21.5569455
2019-05-15,18.7650364
2019-05-16,18.0950364
2019-05-17,18.0247818
2019-05-18,17.8484545
2019-05-19,18.7625818
2019-05-20,18.6030182
2019-05-21,19.0585455
2019-05-22,19.8569455
2019-05-23,20.4931636
2019-05-24,19.1888000
2019-05-25,15.7270545
2019-05-26,17.6968727
2019-05-27,18.9460545
2019-05-28,20.4838909
2019-05-29,20.5979091
2019-05-30,20.9764182
2019-05-31,23.9289091
2019-06-01,21.6582727
2019-06-02,18.6115818
2019-06-03,17.7110727
2019-06-04,14.8451273
2019-06-05,14.5909818
2019-06-06,16.4620909
2019-06-07,17.3109818
2019-06-08,16.5178000
2019-06-09,15.9365636
2019-06-10,16.7316364
2019-06-11,17.4883273
2019-06-12,19.6985091
2019-06-13,20.7098909
2019-06-14,21.7248727
2019-06-15,21.2415818
2019-06-16,21.0386364
2019-06-17,19.1522364
2019-06-18,18.8374182
2019-06-19,19.4999455
2019-06-20,18.9368545
2019-06-21,18.2966545
2019-06-22,18.6980000
2019-06-23,18.5691636
2019-06-24,19.9111273
2019-06-25,21.4367091
2019-06-26,21.8065636
2019-06-27,20.4048727
2019-06-28,21.5159273
2019-06-29,21.7087455
2019-06-30,21.5118909
2019-07-01,21.2276909
2019-07-02,20.9802545
2019-07-03,22.0280727
2019-07-04,17.8062182
2019-07-05,13.7242182
2019-07-06,10.1186727
2019-07-07,10.0818000
2019-07-08,12.2860182
2019-07-09,13.7202000
2019-07-10,14.9467273
2019-07-11,15.8554909
2019-07-12,16.6329091
2019-07-13,18.2919273
2019-07-14,19.3713455
2019-07-15,18.6900727
2019-07-16,15.4338000
2019-07-17,11.9993273
2019-07-18,14.2390182
2019-07-19,15.4208909
2019-07-20,16.2802727
2019-07-21,17.2836364
2019-07-22,19.7954727
2019-07-23,20.2875273
2019-07-24,19.9777636
2019-07-25,19.3750000
2019-07-26,20.0215455
2019-07-27,19.5579273
2019-07-28,18.5527273
2019-07-29,18.1206727
2019-07-30,18.3920909
2019-07-31,18.2963636
2019-08-01,19.0098182
2019-08-02,19.9916909
2019-08-03,12.4388909
2019-08-04,10.9524364
2019-08-05,13.7544727
2019-08-06,17.8264364
2019-08-07,20.1118182
2019-08-08,21.0164545
2019-08-09,21.3587636
2019-08-10,22.1852182
2019-08-11,19.8646909
2019-08-12,21.7276909
2019-08-13,18.7990364
2019-08-14,12.3668909
2019-08-15,14.2183273
2019-08-16,16.1547636
2019-08-17,18.9137273
2019-08-18,21.3682182
2019-08-19,17.8355636
2019-08-20,14.9196182
2019-08-21,15.7616182
2019-08-22,15.2742364
2019-08-23,16.0070727
2019-08-24,14.8922182
2019-08-25,15.3458545
2019-08-26,16.9401818
2019-08-27,17.7535455
2019-08-28,17.7186545
2019-08-29,19.0191636
2019-08-30,21.1417273
2019-08-31,22.2714364
2019-09-01,17.8897091
2019-09-02,16.7906727
2019-09-03,17.9072727
2019-09-04,16.6837455
2019-09-05,13.9749455
2019-09-06,15.1407273
2019-09-07,21.1522182
2019-09-08,23.9082364
2019-09-09,25.1036727
2019-09-10,25.5795455
2019-09-11,26.6079636
2019-09-12,26.6653818
2019-09-13,20.0817818
2019-09-14,19.6140545
2019-09-15,22.6616364
2019-09-16,25.7833455
2019-09-17,25.9549091
2019-09-18,25.2518182
2019-09-19,21.9637455
2019-09-20,21.9672545
2019-09-21,18.0748727
2019-09-22,16.3312909
2019-09-23,14.5300364
2019-09-24,16.3521091
2019-09-25,16.4138364
2019-09-26,16.7456909
2019-09-27,17.1972000
2019-09-28,15.6117818
2019-09-29,17.8727273
2019-09-30,19.2960727
2019-10-01,22.4853818
2019-10-02,24.9289091
2019-10-03,21.4776000
2019-10-04,21.1526364
2019-10-05,23.5615091
2019-10-06,20.1936182
2019-10-07,18.1425455
2019-10-08,17.6871091
2019-10-09,18.0706727
2019-10-10,20.6153636
2019-10-11,22.6616182
2019-10-12,25.9172182
2019-10-13,27.6577091
2019-10-14,24.4224000
2019-10-15,20.8480364
2019-10-16,20.9827091
2019-10-17,22.6287091
2019-10-18,23.6689091
2019-10-19,22.5238364
2019-10-20,17.2384545
2019-10-21,17.1556182
2019-10-22,19.4139455
2019-10-23,20.2504909
2019-10-24,21.4465091
2019-10-25,22.0560000
2019-10-26,21.7108545
2019-10-27,26.0899455
2019-10-28,25.3109455
2019-10-29,25.8445091
2019-10-30,26.7104364
2019-10-31,24.2074545
2019-11-01,22.8410182
2019-11-02,23.7858364
2019-11-03,26.5816364
2019-11-04,27.9670909
2019-11-05,24.6456727
2019-11-06,19.4036909
2019-11-07,19.8342364
2019-11-08,20.3556182
2019-11-09,21.6784727
2019-11-10,22.4460182
2019-11-11,20.2452545
2019-11-12,20.2505091
2019-11-13,21.3364545
2019-11-14,21.9634182
2019-11-15,19.1287636
2019-11-16,18.3666545
2019-11-17,19.0111455
2019-11-18,19.0834545
2019-11-19,21.2045636
2019-11-20,21.7256909
2019-11-21,22.8810727
2019-11-22,24.7674545
2019-11-23,23.6276727
2019-11-24,16.8698000
2019-11-25,17.7419455
2019-11-26,20.7957818
2019-11-27,22.8213818
2019-11-28,19.1548364
2019-11-29,18.3307636
2019-11-30,22.6961455
2019-12-01,23.7803455
2019-12-02,18.5087455
2019-12-03,17.9824182
2019-12-04,21.7860545
2019-12-05,23.7838364
2019-12-06,19.8656909
2019-12-07,21.0417455
2019-12-08,20.9505818
2019-12-09,21.7333091
2019-12-10,21.4662364
2019-12-11,21.4181091
2019-12-12,22.5156727
2019-12-13,23.6779091
2019-12-14,23.0409636
2019-12-15,24.7994545
2019-12-16,26.3003455
2019-12-17,24.4328545
2019-12-18,20.9429455
2019-12-19,20.9807455
2019-12-20,22.8389273
2019-12-21,24.5560000
2019-12-22,23.9450364
2019-12-23,22.5656000
2019-12-24,21.8549091
2019-12-25,23.4746364
2019-12-26,23.4217273
2019-12-27,22.5604182
2019-12-28,24.2856545
2019-12-29,24.2750727
2019-12-30,23.6874545
2019-12-31,24.6639455
2020-01-01,25.4760182
2020-01-02,22.6226182
2020-01-03,20.9993455
2020-01-04,21.5683636
2020-01-05,21.7042000
2020-01-06,24.6288182
2020-01-07,25.4969091
2020-01-08,24.2641818
2020-01-09,24.5988000
2020-01-10,26.3513091
2020-01-11,27.4522182
2020-01-12,24.4334727
2020-01-13,22.0145636
2020-01-14,21.9331455
2020-01-15,24.7792182
2020-01-16,26.6576545
2020-01-17,19.7412364
2020-01-18,19.8189455
2020-01-19,21.1735091
2020-01-20,21.4974909
2020-01-21,21.1385636
2020-01-22,21.0944545
2020-01-23,19.4414364
2020-01-24,19.5026364
2020-01-25,21.0015273
2020-01-26,22.9904909
2020-01-27,24.8852182
2020-01-28,25.0269636
2020-01-29,25.4293273
2020-01-30,25.4360727
2020-01-31,24.7834000
2020-02-01,23.7849455
2020-02-02,22.6165273
2020-02-03,21.5743273
2020-02-04,22.1368545
2020-02-05,23.3142000
2020-02-06,23.0781091
2020-02-07,23.3427818
2020-02-08,24.7238182
2020-02-09,24.4146545
2020-02-10,20.7002909
2020-02-11,18.7106909
2020-02-12,18.6638545
2020-02-13,20.8767818
2020-02-14,21.4475818
2020-02-15,23.5062364
2020-02-16,24.2846545
2020-02-17,24.6562364
2020-02-18,25.4318727
2020-02-19,25.3718364
2020-02-20,25.0509636
2020-02-21,22.3926000
2020-02-22,19.6116909
2020-02-23,19.0220000
2020-02-24,21.1879273
2020-02-25,23.2596727
2020-02-26,22.5570000
2020-02-27,18.8731273
2020-02-28,18.6567455
2020-02-29,20.2053273
2020-03-01,19.6538182
2020-03-02,19.6897818
2020-03-03,18.8493091
2020-03-04,19.4621455
2020-03-05,19.8972909
2020-03-06,19.7304545
2020-03-07,20.0851273
2020-03-08,20.1409455
2020-03-09,21.6729636
2020-03-10,22.5480000
2020-03-11,22.6027273
2020-03-12,22.5680545
2020-03-13,23.0451455
2020-03-14,23.7417818
2020-03-15,24.6962909
2020-03-16,25.3177273
2020-03-17,23.8479455
2020-03-18,23.9610909
2020-03-19,24.8662545
2020-03-20,23.7622909
2020-03-21,20.5918182
2020-03-22,20.5243818
2020-03-23,20.3183273
2020-03-24,19.9521273
2020-03-25,19.7677273
2020-03-26,19.5643455
2020-03-27,20.2232182
2020-03-28,21.6453818
2020-03-29,22.4889091
2020-03-30,21.9306182
2020-03-31,21.5527273
2020-04-01,21.5412909
2020-04-02,23.6048364
2020-04-03,23.5949455
2020-04-04,20.0988545
2020-04-05,20.2621636
2020-04-06,21.5060909
2020-04-07,22.5484000
2020-04-08,18.4453818
2020-04-09,17.5108727
2020-04-10,17.6047455
2020-04-11,18.0708182
2020-04-12,18.6746727
2020-04-13,18.4869455
2020-04-14,19.2147818
2020-04-15,20.2523636
2020-04-16,20.4691455
2020-04-17,18.0927273
2020-04-18,18.0111818
2020-04-19,18.6785455
2020-04-20,18.9583091
2020-04-21,19.0659818
2020-04-22,18.8136545
2020-04-23,19.4438727
2020-04-24,20.1483455
2020-04-25,21.0843818
2020-04-26,21.0880182
2020-04-27,19.5462545
2020-04-28,19.8173273
2020-04-29,20.0015273
2020-04-30,21.0038727
2020-05-01,21.1475273
2020-05-02,20.3706545
2020-05-03,17.3434000
2020-05-04,17.2899636
2020-05-05,18.7601636
2020-05-06,20.5718545
2020-05-07,15.3103273
2020-05-08,15.1094727
2020-05-09,16.7855636
2020-05-10,16.7710182
2020-05-11,18.1166545
2020-05-12,18.9274364
2020-05-13,19.6131636
2020-05-14,19.5297091
2020-05-15,15.9425273
2020-05-16,17.2559091
2020-05-17,16.7996364
2020-05-18,16.8946727
2020-05-19,18.0893273
2020-05-20,19.1281636
2020-05-21,18.9752545
2020-05-22,20.6335636
2020-05-23,21.2730727
2020-05-24,14.2834364
2020-05-25,13.8556545
2020-05-26,14.3624909
2020-05-27,14.7039636
2020-05-28,13.6611636
2020-05-29,14.8934727
2020-05-30,16.6944000
2020-05-31,17.0703455
2020-06-01,17.9226182
2020-06-02,16.9270182
2020-06-03,17.3551455
2020-06-04,18.2337091
2020-06-05,18.9495818
2020-06-06,19.7987636
2020-06-07,21.1118909
2020-06-08,20.5285636
2020-06-09,21.0405091
2020-06-10,21.4664545
2020-06-11,22.9751818
2020-06-12,21.9742727
2020-06-13,21.5076364
2020-06-14,19.0523636
2020-06-15,16.7022000
2020-06-16,17.5936545
2020-06-17,18.4166000
2020-06-18,18.4213091
2020-06-19,19.6783636
2020-06-20,19.9106545
2020-06-21,20.6564545
2020-06-22,20.2549636
2020-06-23,19.1990727
2020-06-24,19.0601636
2020-06-25,19.9417818
2020-06-26,20.4382727
2020-06-27,15.0770364
2020-06-28,14.0879273
2020-06-29,15.2388364
2020-06-30,17.0633455
2020-07-01,19.8201818
2020-07-02,13.8888727
2020-07-03,13.2169455
2020-07-04,15.2077636
2020-07-05,17.2743636
2020-07-06,20.5711091
2020-07-07,19.9071818
2020-07-08,21.2933091
2020-07-09,20.6999091
2020-07-10,14.7160909
2020-07-11,18.6708182
2020-07-12,20.5476727
2020-07-13,21.4605636
2020-07-14,19.4023636
2020-07-15,14.6826364
2020-07-16,15.0028000
2020-07-17,17.2724909
2020-07-18,18.2480182
2020-07-19,18.2796545
2020-07-20,18.5059455
2020-07-21,18.6325273
2020-07-22,19.2232909
2020-07-23,19.6227455
2020-07-24,19.3898727
2020-07-25,20.0498909
2020-07-26,17.7905818
2020-07-27,18.6906182
2020-07-28,20.8436000
2020-07-29,18.8107818
2020-07-30,14.2788000
2020-07-31,15.7503818
2020-08-01,16.5916909
2020-08-02,16.5915636
2020-08-03,16.5763818
2020-08-04,15.9294182
2020-08-05,15.9572545
2020-08-06,16.2183273
2020-08-07,16.5203818
2020-08-08,17.1250727
2020-08-09,18.0497091
2020-08-10,18.6847091
2020-08-11,19.6962000
2020-08-12,20.1637273
2020-08-13,19.9753818
2020-08-14,21.7563455
2020-08-15,21.7595818
2020-08-16,17.8335636
2020-08-17,18.3057273
2020-08-18,17.1094909
2020-08-19,18.6647818
2020-08-20,15.9660545
2020-08-21,11.7255818
2020-08-22,10.0870364
2020-08-23,12.4033636
2020-08-24,13.8563091
2020-08-25,13.8867455
2020-08-26,13.8205818
2020-08-27,16.3452909
2020-08-28,19.0261273
2020-08-29,20.9496182
2020-08-30,22.4762909
2020-08-31,19.7591273
2020-09-01,19.5571273
2020-09-02,19.3943091
2020-09-03,20.8091636
2020-09-04,23.2490909
2020-09-05,20.3309455
2020-09-06,21.2473636
2020-09-07,21.6227091
2020-09-08,21.0646000
2020-09-09,20.7135455
2020-09-10,22.7175636
2020-09-11,24.1463273
2020-09-12,26.1887636
2020-09-13,26.0439091
2020-09-14,25.3449636
2020-09-15,18.1708727
2020-09-16,20.3200182
2020-09-17,22.5303091
2020-09-18,20.6902364
2020-09-19,23.7705273
2020-09-20,20.7416909
2020-09-21,16.0816364
2020-09-22,14.6714909
2020-09-23,16.2919636
2020-09-24,19.0064545
2020-09-25,19.6555091
2020-09-26,22.3814545
2020-09-27,25.5342364
2020-09-28,26.4523818
2020-09-29,21.8008545
2020-09-30,23.9903636
2020-10-01,24.7836545
2020-10-02,29.9311091
2020-10-03,25.9233273
2020-10-04,20.9778545
2020-10-05,23.0791636
2020-10-06,26.0264727
2020-10-07,24.6168182
2020-10-08,24.7798545
2020-10-09,19.8649636
2020-10-10,19.2350000
2020-10-11,17.1569091
2020-10-12,18.6392000
2020-10-13,21.1497091
2020-10-14,24.2818909
2020-10-15,19.1427273
2020-10-16,16.3139273
2020-10-17,16.5092909
2020-10-18,18.4002364
2020-10-19,20.5943818
2020-10-20,21.5143455
2020-10-21,20.9150182
2020-10-22,21.0440364
2020-10-23,20.9562909
2020-10-24,20.6630000
2020-10-25,21.7868364
2020-10-26,20.4074545
2020-10-27,22.1991636
2020-10-28,24.2508909
2020-10-29,24.8837818
2020-10-30,19.1801455
2020-10-31,16.4258182
2020-11-01,15.2518727
2020-11-02,14.9907455
2020-11-03,15.9468182
2020-11-04,17.0347818
2020-11-05,16.3907273
2020-11-06,17.3342364
2020-11-07,18.6342727
2020-11-08,19.4180545
2020-11-09,21.0983818
2020-11-10,21.9294000
2020-11-11,22.7736364
2020-11-12,21.1781091
2020-11-13,22.4932545
2020-11-14,22.4543091
2020-11-15,24.4195455
2020-11-16,25.1239636
2020-11-17,23.8154909
2020-11-18,18.3529273
2020-11-19,17.3639091
2020-11-20,16.6936182
2020-11-21,17.9883818
2020-11-22,19.0951636
2020-11-23,19.8937636
2020-11-24,21.2491091
2020-11-25,22.7125636
2020-11-26,25.0848364
2020-11-27,23.6699455
2020-11-28,23.6048364
2020-11-29,24.3436909
2020-11-30,25.4034000
2020-12-01,23.1142727
2020-12-02,22.5387455
2020-12-03,24.2951818
2020-12-04,24.4802909
2020-12-05,22.3370364
2020-12-06,20.5327273
2020-12-07,20.9293818
2020-12-08,22.4727091
2020-12-09,21.8602727
2020-12-10,21.5479636
2020-12-11,22.2595818
2020-12-12,22.6186909
2020-12-13,24.0126364
2020-12-14,23.9984000
2020-12-15,25.0932182
2020-12-16,23.5539818
2020-12-17,23.4232364
2020-12-18,23.5289273
2020-12-19,24.1673273
2020-12-20,25.5246182
2020-12-21,25.2639091
2020-12-22,22.1448545
2020-12-23,20.2530182
2020-12-24,20.5629636
2020-12-25,19.4141273
2020-12-26,19.7459091
2020-12-27,20.9115273
2020-12-28,21.8879636
2020-12-29,22.6024909
2020-12-30,22.8974727
2020-12-31,24.6915818
2021-01-01,22.1031273
2021-01-02,21.3256182
2021-01-03,20.9659455
2021-01-04,21.8698545
2021-01-05,23.3953455
2021-01-06,25.6305636
2021-01-07,25.0343818
2021-01-08,23.5830182
2021-01-09,23.4562000
2021-01-10,23.8527455
2021-01-11,24.1228545
2021-01-12,24.9681091
2021-01-13,24.1585455
2021-01-14,23.7470000
2021-01-15,22.5829818
2021-01-16,22.4957455
2021-01-17,24.9170909
2021-01-18,25.0087273
2021-01-19,23.8552727
2021-01-20,23.8057091
2021-01-21,23.6606545
2021-01-22,23.7089273
2021-01-23,23.7449091
2021-01-24,23.1786727
2021-01-25,23.9555455
2021-01-26,22.6607273
2021-01-27,25.1529818
2021-01-28,25.4909818
2021-01-29,25.2038364
2021-01-30,26.4753636
2021-01-31,26.5412182
2021-02-01,25.9388909
2021-02-02,25.1151091
2021-02-03,24.2913091
2021-02-04,25.5534909
2021-02-05,24.7069818
2021-02-06,21.6321818
2021-02-07,20.5960727
2021-02-08,20.3125455
2021-02-09,20.3927818
2021-02-10,21.4441636
2021-02-11,21.5360182
2021-02-12,20.6201273
2021-02-13,21.0206727
2021-02-14,22.2127273
2021-02-15,24.1143636
2021-02-16,23.4657818
2021-02-17,23.0961091
2021-02-18,22.2187091
2021-02-19,22.7805818
2021-02-20,23.1346727
2021-02-21,23.0008364
2021-02-22,22.9760000
2021-02-23,23.3222364
2021-02-24,25.2581455
2021-02-25,21.4857636
2021-02-26,20.8994909
2021-02-27,21.4621818
2021-02-28,21.7060364
2021-03-01,22.9209091
2021-03-02,23.5121455
2021-03-03,24.4851455
2021-03-04,23.9787273
2021-03-05,22.4198545
2021-03-06,21.7168364
2021-03-07,21.2930545
2021-03-08,21.9956000
2021-03-09,22.2164727
2021-03-10,21.2637091
2021-03-11,22.3820182
2021-03-12,23.3123455
2021-03-13,23.4782909
2021-03-14,23.7413273
2021-03-15,23.2381818
2021-03-16,23.3264182
2021-03-17,23.8793636
2021-03-18,23.2095455
2021-03-19,22.3536000
2021-03-20,23.2217818
2021-03-21,23.6850727
2021-03-22,25.1514727
2021-03-23,24.0316000
2021-03-24,24.7001818
2021-03-25,23.7566364
2021-03-26,24.6506182
2021-03-27,24.9721818
2021-03-28,25.3534909
2021-03-29,24.3411818
2021-03-30,23.9869455
2021-03-31,20.5254727
2021-04-01,19.3106364
2021-04-02,19.7585636
2021-04-03,19.9963455
2021-04-04,20.4938000
2021-04-05,20.6536545
2021-04-06,19.9452182
2021-04-07,20.0137455
2021-04-08,20.2723455
2021-04-09,20.4413636
2021-04-10,21.4174364
2021-04-11,21.5686000
2021-04-12,22.5752727
2021-04-13,20.3173636
2021-04-14,18.8402545
2021-04-15,19.4421636
2021-04-16,19.4252545
2021-04-17,20.6255636
2021-04-18,20.0143091
2021-04-19,18.9905455
2021-04-20,18.2481636
2021-04-21,18.2354182
2021-04-22,17.6687455
2021-04-23,17.5926000
2021-04-24,19.3783636
2021-04-25,20.1077273
2021-04-26,21.1784000
2021-04-27,19.8015091
2021-04-28,18.9103273
2021-04-29,17.4426727
2021-04-30,17.3880545
2021-05-01,17.4569273
2021-05-02,18.4207818
2021-05-03,18.0314364
2021-05-04,19.2895455
2021-05-05,20.5101091
2021-05-06,19.9006182
2021-05-07,18.4588000
2021-05-08,16.6566909
2021-05-09,17.2824364
2021-05-10,18.2747455
2021-05-11,18.2369455
2021-05-12,17.7943273
2021-05-13,15.4798182
2021-05-14,16.2301091
2021-05-15,17.1274364
2021-05-16,18.0443818
2021-05-17,17.3625818
2021-05-18,18.0250545
2021-05-19,17.3409818
2021-05-20,17.3992545
2021-05-21,18.2522000
2021-05-22,18.5519455
2021-05-23,18.4880000
2021-05-24,16.9786364
2021-05-25,14.8627455
2021-05-26,15.5416364
2021-05-27,17.6343636
2021-05-28,19.8567455
2021-05-29,24.4748909
2021-05-30,20.1581273
2021-05-31,18.0176000
2021-06-01,17.2179091
2021-06-02,17.6746364
2021-06-03,19.7118727
2021-06-04,19.7289273
2021-06-05,20.0581455
2021-06-06,20.0752727
2021-06-07,19.6274364
2021-06-08,17.6068727
2021-06-09,18.1218000
2021-06-10,18.2099455
2021-06-11,17.6371636
2021-06-12,15.4400182
2021-06-13,14.5993091
2021-06-14,15.1281273
2021-06-15,15.8803455
2021-06-16,16.0456000
2021-06-17,15.0232182
2021-06-18,14.8270364
2021-06-19,15.8976000
2021-06-20,17.5616364
2021-06-21,15.2069636
2021-06-22,15.4790909
2021-06-23,15.4067818
2021-06-24,16.0436182
2021-06-25,18.6408727
2021-06-26,18.7617273
2021-06-27,20.6981455
2021-06-28,17.8954727
2021-06-29,14.1780545
2021-06-30,10.0695273
2021-07-01,10.1683636
2021-07-02,14.0501455
2021-07-03,15.7331455
2021-07-04,15.5004182
2021-07-05,15.6325636
2021-07-06,15.5132727
2021-07-07,14.4441091
2021-07-08,15.9140545
2021-07-09,15.2933818
2021-07-10,15.4591636
2021-07-11,16.3121818
2021-07-12,16.3326000
2021-07-13,17.0701818
2021-07-14,17.6671636
2021-07-15,18.5900545
2021-07-16,18.4228909
2021-07-17,16.9452000
2021-07-18,18.5245455
2021-07-19,12.6921636
2021-07-20,11.6797455
2021-07-21,12.7666545
2021-07-22,13.6136909
2021-07-23,14.8350727
2021-07-24,15.9214909
2021-07-25,17.2245455
2021-07-26,18.0232727
2021-07-27,19.6664364
2021-07-28,15.7679818
2021-07-29,9.1504182
2021-07-30,7.0982545
2021-07-31,9.9665818
2021-08-01,12.8310364
2021-08-02,13.8051091
2021-08-03,14.1258364
2021-08-04,13.8256727
2021-08-05,14.1892000
2021-08-06,16.4193455
2021-08-07,16.8407091
2021-08-08,17.2504909
2021-08-09,18.4133818
2021-08-10,19.9058545
2021-08-11,17.4178727
2021-08-12,14.1399818
2021-08-13,13.9450182
2021-08-14,15.0191273
2021-08-15,17.4657636
2021-08-16,17.0757273
2021-08-17,18.2982364
2021-08-18,21.9440182
2021-08-19,22.4296182
2021-08-20,21.8233636
2021-08-21,21.2690364
2021-08-22,21.4066545
2021-08-23,21.4310000
2021-08-24,22.7464727
2021-08-25,23.2923455
2021-08-26,24.9682000
2021-08-27,17.5553273
2021-08-28,15.4003273
2021-08-29,16.2795636
2021-08-30,16.9722909
2021-08-31,17.3517273
2021-09-01,17.9245455
2021-09-02,18.4622182
2021-09-03,20.6568545
2021-09-04,21.6005091
2021-09-05,19.5662727
2021-09-06,20.4999455
2021-09-07,19.8857091
2021-09-08,21.4858545
2021-09-09,24.7604182
2021-09-10,20.6119455
2021-09-11,20.7946182
2021-09-12,21.5734909
2021-09-13,22.2264182
2021-09-14,26.9900182
2021-09-15,21.2700182
2021-09-16,17.5146000
2021-09-17,17.8703273
2021-09-18,20.5378364
2021-09-19,21.3887091
2021-09-20,22.5092727
2021-09-21,26.0528364
2021-09-22,15.0587455
2021-09-23,14.6707818
2021-09-24,17.0263273
2021-09-25,16.5072909
2021-09-26,19.6161636
2021-09-27,21.4401091
2021-09-28,22.2379455
2021-09-29,21.8319818
2021-09-30,18.5710000
2021-10-01,18.9283455
2021-10-02,19.9769091
2021-10-03,22.1617091
2021-10-04,19.6344182
2021-10-05,17.1006000
2021-10-06,20.0504545
2021-10-07,18.9315818
2021-10-08,16.9081636
2021-10-09,16.3967091
2021-10-10,16.0436182
2021-10-11,17.1679818
2021-10-12,18.3366909
2021-10-13,19.6219636
2021-10-14,21.1285273
2021-10-15,22.3035636
2021-10-16,21.3439636
2021-10-17,17.4696727
2021-10-18,16.1417818
2021-10-19,15.7624000
2021-10-20,13.5370727
2021-10-21,15.3337273
2021-10-22,17.6213273
2021-10-23,19.4054364
2021-10-24,22.1756545
2021-10-25,16.1593273
2021-10-26,19.0047091
2021-10-27,19.2774727
2021-10-28,20.5343818
2021-10-29,18.9898909
2021-10-30,19.6128364
2021-10-31,18.4148182
2021-11-01,18.7623818
2021-11-02,19.1278545
2021-11-03,19.6694000
2021-11-04,20.2315273
2021-11-05,20.2028364
2021-11-06,19.9550727
2021-11-07,19.3510000
2021-11-08,19.0211273
2021-11-09,18.6870727
2021-11-10,19.4414364
2021-11-11,17.2523455
2021-11-12,16.1519636
2021-11-13,15.6085818
2021-11-14,17.3733818
2021-11-15,18.6507091
2021-11-16,20.8296545
2021-11-17,22.6395636
2021-11-18,22.6528909
2021-11-19,20.1416545
2021-11-20,18.0966000
2021-11-21,16.2746000
2021-11-22,18.4739636
2021-11-23,21.6720727
2021-11-24,21.5992545
2021-11-25,21.3236545
2021-11-26,22.0280182
2021-11-27,22.7101818
2021-11-28,21.8214182
2021-11-29,24.5031818
2021-11-30,24.9267455
2021-12-01,21.9410545
2021-12-02,20.8216000
2021-12-03,19.3539455
2021-12-04,19.7702000
2021-12-05,21.1965091
2021-12-06,20.6794182
2021-12-07,18.2101455
2021-12-08,16.6637455
2021-12-09,17.4069818
2021-12-10,18.4865091
2021-12-11,21.0799818
2021-12-12,24.4331818
2021-12-13,23.6730364
2021-12-14,22.8005091
2021-12-15,23.0473455
2021-12-16,23.0643818
2021-12-17,23.0587818
2021-12-18,21.0694364
2021-12-19,18.8790909
2021-12-20,19.1388545
2021-12-21,21.8671273
2021-12-22,23.7993091
2021-12-23,20.0467455
2021-12-24,18.2525636
2021-12-25,19.1292182
2021-12-26,21.3702182
2021-12-27,22.8695455
2021-12-28,21.2110545
2021-12-29,21.3466909
2021-12-30,21.0895455
2021-12-31,20.3549091
2022-01-01,20.9995091
2022-01-02,22.6264000
2022-01-03,23.4617455
2022-01-04,23.2065091
2022-01-05,22.8058364
2022-01-06,22.6225091
2022-01-07,19.8067091
2022-01-08,19.0388545
2022-01-09,17.9599455
2022-01-10,18.5243455
2022-01-11,20.5530909
2022-01-12,21.3332545
2022-01-13,22.4870364
2022-01-14,22.8261818
2022-01-15,23.8237091
2022-01-16,24.2347818
2022-01-17,22.6962182
2022-01-18,25.8413818
2022-01-19,24.3241818
2022-01-20,23.8985636
2022-01-21,22.9260364
2022-01-22,23.5437091
2022-01-23,24.5615273
2022-01-24,24.9894364
2022-01-25,24.7216909
2022-01-26,24.8425636
2022-01-27,24.6433455
2022-01-28,22.3685273
2022-01-29,20.4606364
2022-01-30,19.8736182
2022-01-31,20.7180364
2022-02-01,21.8170364
2022-02-02,21.6850545
2022-02-03,21.8608000
2022-02-04,22.8570909
2022-02-05,24.6373455
2022-02-06,23.8313818
2022-02-07,21.5143091
2022-02-08,20.6122727
2022-02-09,20.1562364
2022-02-10,20.0859273
2022-02-11,20.7425818
2022-02-12,21.0564000
2022-02-13,22.2003273
2022-02-14,23.4209091
2022-02-15,23.5237273
2022-02-16,21.7848545
2022-02-17,21.9196182
2022-02-18,20.5401273
2022-02-19,20.6056727
2022-02-20,23.0165818
2022-02-21,23.3823818
2022-02-22,24.3960364
2022-02-23,24.1081636
2022-02-24,23.1524727
2022-02-25,23.9573455
2022-02-26,23.0696182
2022-02-27,23.1248000
2022-02-28,24.4843636
2022-03-01,26.5668000
2022-03-02,22.9970909
2022-03-03,25.4028182
2022-03-04,24.4433636
2022-03-05,23.6922909
2022-03-06,24.2294182
2022-03-07,24.1457273
2022-03-08,24.8743636
2022-03-09,24.2342182
2022-03-10,24.4214182
2022-03-11,22.6756545
2022-03-12,23.5137455
2022-03-13,22.3062545
2022-03-14,21.9018909
2022-03-15,22.3572727
2022-03-16,23.1248364
2022-03-17,23.3986909
2022-03-18,25.6831091
2022-03-19,25.7335818
2022-03-20,20.3425091
2022-03-21,18.4984182
2022-03-22,19.1386727
2022-03-23,20.9485636
2022-03-24,23.2453455
2022-03-25,25.6209273
2022-03-26,24.8678727
2022-03-27,23.6280727
2022-03-28,21.9401091
2022-03-29,22.1103455
2022-03-30,23.4277818
2022-03-31,22.8579273
2022-04-01,17.4938364
2022-04-02,18.2529273
2022-04-03,20.4713091
2022-04-04,23.1009273
2022-04-05,22.7296727
2022-04-06,20.7946182
2022-04-07,20.1620364
2022-04-08,21.6310364
2022-04-09,22.1594182
2022-04-10,21.8820545
2022-04-11,21.2026909
2022-04-12,22.7228000
2022-04-13,22.9452000
2022-04-14,21.5749818
2022-04-15,17.1225455
2022-04-16,15.6561636
2022-04-17,16.4496909
2022-04-18,16.4121273
2022-04-19,18.4567091
2022-04-20,18.3369091
2022-04-21,19.1327818
2022-04-22,19.5387636
2022-04-23,22.5370182
2022-04-24,21.1967818
2022-04-25,21.2960727
2022-04-26,21.9599273
2022-04-27,22.6561455
2022-04-28,24.1299273
2022-04-29,22.1942182
2022-04-30,19.0845273
2022-05-01,21.2522727
2022-05-02,22.7429091
2022-05-03,22.5103636
2022-05-04,20.4332000
2022-05-05,15.3554909
2022-05-06,16.7490727
2022-05-07,15.4195818
2022-05-08,16.5527455
2022-05-09,17.5740364
2022-05-10,17.4537273
2022-05-11,18.7111636
2022-05-12,18.3596909
2022-05-13,17.7542364
2022-05-14,18.5490909
2022-05-15,18.8144727
2022-05-16,19.2720727
2022-05-17,15.6499273
2022-05-18,10.2611273
2022-05-19,10.0785273
2022-05-20,10.8845455
2022-05-21,12.9813455
2022-05-22,14.1890182
2022-05-23,15.5961091
2022-05-24,17.0260909
2022-05-25,17.6446182
2022-05-26,17.6610545
2022-05-27,18.5599273
2022-05-28,18.0437091
2022-05-29,19.1571273
2022-05-30,20.5505455
2022-05-31,16.8085273
2022-06-01,17.0660545
2022-06-02,18.7072364
2022-06-03,16.3813091
2022-06-04,15.5976000
2022-06-05,16.2831818
2022-06-06,16.7291091
2022-06-07,19.5263455
2022-06-08,16.8941818
2022-06-09,16.6672909
2022-06-10,18.1360727
2022-06-11,15.6692000
2022-06-12,13.4414545
2022-06-13,11.4844182
2022-06-14,12.5567273
2022-06-15,13.6404909
2022-06-16,15.4045455
2022-06-17,16.6836727
2022-06-18,19.5904909
2022-06-19,13.9897091
2022-06-20,15.6127273
2022-06-21,17.4051091
2022-06-22,19.5859455
2022-06-23,19.9524545
2022-06-24,18.6282909
2022-06-25,17.0028000
2022-06-26,15.6976182
2022-06-27,14.6172545
2022-06-28,15.5205091
2022-06-29,18.2571455
2022-06-30,17.6618364
2022-07-01,15.9197636
2022-07-02,18.2931818
2022-07-03,19.9288909
2022-07-04,19.4061091
2022-07-05,18.6341273
2022-07-06,18.0636909
2022-07-07,19.5399273
2022-07-08,18.9161091
2022-07-09,17.2937636
2022-07-10,17.5322000
2022-07-11,18.9399818
2022-07-12,21.3502909
2022-07-13,15.9455091
2022-07-14,18.1630182
2022-07-15,20.5096909
2022-07-16,21.2381818
2022-07-17,22.0778545
2022-07-18,17.5693636
2022-07-19,18.9871455
2022-07-20,17.8640000
2022-07-21,18.4756909
2022-07-22,19.0193636
2022-07-23,19.0247818
2022-07-24,18.9022364
2022-07-25,18.7987636
2022-07-26,17.6437091
2022-07-27,18.1160182
2022-07-28,19.3181455
2022-07-29,18.3173455
2022-07-30,13.1795636
2022-07-31,14.0941455
2022-08-01,15.7844909
2022-08-02,18.4396364
2022-08-03,17.4083091
2022-08-04,19.2304727
2022-08-05,21.1973818
2022-08-06,14.8166545
2022-08-07,16.2661818
2022-08-08,17.3758727
2022-08-09,16.6901818
2022-08-10,15.8210909
2022-08-11,12.5691455
2022-08-12,14.3716909
2022-08-13,15.9454182
2022-08-14,17.8113455
2022-08-15,20.4263818
2022-08-16,21.7275818
2022-08-17,18.5828727
2022-08-18,21.6454364
2022-08-19,13.9957455
2022-08-20,10.4762727
2022-08-21,13.3354545
2022-08-22,14.4716182
2022-08-23,15.4977273
2022-08-24,17.0819818
2022-08-25,18.4165455
2022-08-26,19.4400364
2022-08-27,20.9552000
2022-08-28,20.3342000
2022-08-29,12.8670364
2022-08-30,11.7545636
2022-08-31,13.7659091
2022-09-01,15.5091091
2022-09-02,19.0473818
2022-09-03,17.5718364
2022-09-04,12.1136727
2022-09-05,13.7966364
2022-09-06,15.4965091
2022-09-07,15.5356182
2022-09-08,19.1086909
2022-09-09,24.0368545
2022-09-10,23.0147455
2022-09-11,13.6327455
2022-09-12,14.0482909
2022-09-13,18.0953455
2022-09-14,17.8695273
2022-09-15,14.5725636
2022-09-16,14.0462182
2022-09-17,13.5118000
2022-09-18,14.0535091
2022-09-19,16.4754909
2022-09-20,18.3809636
2022-09-21,17.9405273
2022-09-22,18.4252545
2022-09-23,18.4829636
2022-09-24,13.5782182
2022-09-25,15.3812727
2022-09-26,15.4868182
2022-09-27,17.8481818
2022-09-28,15.6682000
2022-09-29,13.5884909
2022-09-30,14.7694727
2022-10-01,17.3491818
2022-10-02,17.6420364
2022-10-03,16.9890727
2022-10-04,17.0176545
2022-10-05,18.2010909
2022-10-06,21.4086000
2022-10-07,21.6972000
2022-10-08,20.2511455
2022-10-09,20.5972909
2022-10-10,17.9723091
2022-10-11,20.5187818
2022-10-12,20.7118545
2022-10-13,21.9834727
2022-10-14,19.3719273
2022-10-15,18.6371818
2022-10-16,19.9443091
2022-10-17,19.8243273
2022-10-18,17.9479818
2022-10-19,19.4620909
2022-10-20,21.5336545
2022-10-21,21.6497636
2022-10-22,21.6526909
2022-10-23,19.4140727
2022-10-24,18.7138545
2022-10-25,19.1102182
2022-10-26,19.7245091
2022-10-27,23.4476909
2022-10-28,23.8556182
2022-10-29,24.3224727
2022-10-30,22.5802909
2022-10-31,22.7109455
2022-11-01,17.1730909
2022-11-02,13.5257636
2022-11-03,13.2168727
2022-11-04,14.1260727
2022-11-05,15.2391636
2022-11-06,15.3883636
2022-11-07,15.5420545
2022-11-08,16.2370909
2022-11-09,18.5366727
2022-11-10,18.8578909
2022-11-11,20.3281455
2022-11-12,20.3686545
2022-11-13,21.5844182
2022-11-14,22.9195636
2022-11-15,23.5858727
2022-11-16,19.9247091
2022-11-17,19.1024909
2022-11-18,18.7174545
2022-11-19,18.7068000
2022-11-20,20.4583636
2022-11-21,21.3665091
2022-11-22,22.1902727
2022-11-23,22.0678000
2022-11-24,20.0125818
2022-11-25,17.9006727
2022-11-26,18.5160364
2022-11-27,19.8845818
2022-11-28,20.1107818
2022-11-29,20.0435455
2022-11-30,20.4018545
2022-12-01,22.1004182
2022-12-02,23.9443091
2022-12-03,23.0975091
2022-12-04,22.3399273
2022-12-05,21.9412545
2022-12-06,21.5326727
2022-12-07,21.6894182
2022-12-08,22.2137273
2022-12-09,24.2850545
2022-12-10,23.9545091
2022-12-11,25.2210182
2022-12-12,24.4693091
2022-12-13,20.2435818
2022-12-14,18.4105091
2022-12-15,19.6346364
2022-12-16,21.2093091
2022-12-17,19.8704364
2022-12-18,20.3446000
2022-12-19,19.4741818
2022-12-20,18.6815273
2022-12-21,18.1500182
2022-12-22,17.5903636
2022-12-23,18.2827636
2022-12-24,20.2669455
2022-12-25,21.6255091
2022-12-26,21.9996364
2022-12-27,22.3258000
2022-12-28,21.8814909
2022-12-29,22.0788545
2022-12-30,20.8838000
2022-12-31,21.5080727
2023-01-01,22.1680545
2023-01-02,23.3064909
2023-01-03,23.2750000
2023-01-04,21.1680545
2023-01-05,17.2461818
2023-01-06,16.9054545
2023-01-07,17.1882364
2023-01-08,18.8503636
2023-01-09,18.9806182
2023-01-10,20.5257455
2023-01-11,21.6769636
2023-01-12,22.3728182
2023-01-13,23.5132545
2023-01-14,23.4003273
2023-01-15,24.8373818
2023-01-16,24.3184727
2023-01-17,24.4171091
2023-01-18,23.2486727
2023-01-19,22.7874545
2023-01-20,21.2968909
2023-01-21,22.3370909
2023-01-22,24.1953273
2023-01-23,23.3512909
2023-01-24,23.1239636
2023-01-25,23.0680364
2023-01-26,23.0391818
2023-01-27,21.9936000
2023-01-28,23.0151455
2023-01-29,23.3500364
2023-01-30,23.3040545
2023-01-31,23.6878545
2023-02-01,23.2796909
2023-02-02,24.5194182
2023-02-03,23.5614000
2023-02-04,23.1142545
2023-02-05,24.1894727
2023-02-06,22.7086364
2023-02-07,21.8206545
2023-02-08,22.1181273
2023-02-09,22.5260364
2023-02-10,23.1244727
2023-02-11,21.4461636
2023-02-12,21.9981636
2023-02-13,22.7308545
2023-02-14,24.1064000
2023-02-15,24.1634364
2023-02-16,23.8074000
2023-02-17,23.7428545
2023-02-18,22.1073636
2023-02-19,18.7376000
2023-02-20,21.6916727
2023-02-21,22.4800727
2023-02-22,21.5454909
2023-02-23,21.8965091
2023-02-24,23.1246909
2023-02-25,24.4868909
2023-02-26,24.9976364
2023-02-27,23.4651273
2023-02-28,22.2157455
2023-03-01,21.7337636
2023-03-02,23.5053818
2023-03-03,24.3203455
2023-03-04,23.8936182
2023-03-05,23.5527636
2023-03-06,22.6427091
2023-03-07,22.8981636
2023-03-08,23.8392727
2023-03-09,22.8412727
2023-03-10,22.6116000
2023-03-11,21.1521818
2023-03-12,21.2967273
2023-03-13,21.7986545
2023-03-14,22.1107455
2023-03-15,22.1448364
2023-03-16,22.3856000
2023-03-17,21.6422364
2023-03-18,21.8475818
2023-03-19,23.0325818
2023-03-20,23.8896545
2023-03-21,23.3170182
2023-03-22,22.5668000
2023-03-23,22.6065818
2023-03-24,23.5969636
2023-03-25,23.1315636
2023-03-26,24.8311091
2023-03-27,20.9708545
2023-03-28,20.7069091
2023-03-29,22.3002909
2023-03-30,23.8520364
2023-03-31,22.4136000
2023-04-01,22.3806364
2023-04-02,19.0180182
2023-04-03,19.6330364
2023-04-04,21.5972727
2023-04-05,20.5257636
2023-04-06,20.6150000
2023-04-07,19.8888545
2023-04-08,19.8907273
2023-04-09,19.3594727
2023-04-10,19.1506545
2023-04-11,19.5557091
2023-04-12,21.2834909
2023-04-13,22.7598545
2023-04-14,21.4552727
2023-04-15,20.3521091
2023-04-16,20.8408545
2023-04-17,22.1465636
2023-04-18,21.3271636
2023-04-19,20.6908364
2023-04-20,17.6063091
2023-04-21,15.7584909
2023-04-22,17.4449818
2023-04-23,19.0940364
2023-04-24,19.0250545
2023-04-25,18.9336000
2023-04-26,19.4731273
2023-04-27,19.8913091
2023-04-28,17.4553818
2023-04-29,17.9784727
2023-04-30,20.3764364
2023-05-01,21.0134545
2023-05-02,20.7598182
2023-05-03,21.2163273
2023-05-04,21.6785273
2023-05-05,21.4386000
2023-05-06,21.4721273
2023-05-07,21.3879091
2023-05-08,21.7712727
2023-05-09,21.2411455
2023-05-10,19.7336000
2023-05-11,18.9421455
2023-05-12,16.5760545
2023-05-13,15.4692909
2023-05-14,16.2417091
2023-05-15,16.0902545
2023-05-16,15.6543636
2023-05-17,15.9715091
2023-05-18,15.8155273
2023-05-19,15.8401455
2023-05-20,16.0532364
2023-05-21,16.3441091
2023-05-22,17.4352364
2023-05-23,18.3340364
2023-05-24,18.1502000
2023-05-25,19.2024364
2023-05-26,19.6494545
2023-05-27,20.4357273
2023-05-28,18.9330000
2023-05-29,16.4139455
2023-05-30,15.8349455
2023-05-31,15.8286545
2023-06-01,16.6116000
2023-06-02,16.7890909
2023-06-03,17.4400545
2023-06-04,17.2619818
2023-06-05,17.0551091
2023-06-06,16.4309455
2023-06-07,16.0171818
2023-06-08,16.9600182
2023-06-09,17.8414545
2023-06-10,18.9256182
2023-06-11,19.8550364
2023-06-12,19.3830909
2023-06-13,16.8153091
2023-06-14,15.3730000
2023-06-15,16.1888182
2023-06-16,14.9483636
2023-06-17,12.6104364
2023-06-18,14.0363091
2023-06-19,14.3145818
2023-06-20,15.8392000
2023-06-21,16.1432364
2023-06-22,17.1077818
2023-06-23,17.9140727
2023-06-24,18.2700364
2023-06-25,18.8536182
2023-06-26,19.0172364
2023-06-27,18.8661273
2023-06-28,18.7091636
2023-06-29,17.9182727
2023-06-30,17.0269455
2023-07-01,17.1620182
2023-07-02,16.0615091
2023-07-03,14.9108727
2023-07-04,14.2934727
2023-07-05,15.0307091
2023-07-06,16.8586000
2023-07-07,17.3639091
2023-07-08,18.1954909
2023-07-09,19.1622545
2023-07-10,17.5722727
2023-07-11,20.0672000
2023-07-12,21.0093273
2023-07-13,22.0460182
2023-07-14,14.5019818
2023-07-15,13.5102182
2023-07-16,15.3693273
2023-07-17,17.5303273
2023-07-18,15.8861818
2023-07-19,15.0653455
2023-07-20,16.2521091
2023-07-21,17.7227091
2023-07-22,16.8835455
2023-07-23,18.1256545
2023-07-24,19.2849273
2023-07-25,19.5721273
2023-07-26,19.6146182
2023-07-27,19.4734909
2023-07-28,19.5360364
2023-07-29,16.2391455
2023-07-30,14.5006545
2023-07-31,17.1990545
2023-08-01,17.1388545
2023-08-02,19.2695273
2023-08-03,20.1132545
2023-08-04,17.5525455
2023-08-05,17.9268909
2023-08-06,19.0450727
2023-08-07,22.1557091
2023-08-08,18.5722000
2023-08-09,18.0706727
2023-08-10,18.7125455
2023-08-11,21.5859091
2023-08-12,19.5529091
2023-08-13,17.0330727
2023-08-14,14.5738545
2023-08-15,17.8629273
2023-08-16,20.0285273
2023-08-17,20.8309636
2023-08-18,21.9481818
2023-08-19,22.4268182
2023-08-20,18.7790727
2023-08-21,21.3865455
2023-08-22,20.7021273
2023-08-23,24.9772182
2023-08-24,25.9645455
2023-08-25,20.3013455
2023-08-26,14.3799273
2023-08-27,11.7460364
2023-08-28,12.2918727
2023-08-29,15.4702364
2023-08-30,17.5271455
2023-08-31,17.0664000
2023-09-01,17.5740545
2023-09-02,20.3407455
2023-09-03,22.3806364
2023-09-04,25.6531818
2023-09-05,25.2629636
2023-09-06,16.9070000
2023-09-07,17.7515818
2023-09-08,20.4508182
2023-09-09,21.6436000
2023-09-10,19.8860364
2023-09-11,21.3916000
2023-09-12,23.3614545
2023-09-13,24.3699091
2023-09-14,23.5801273
2023-09-15,15.3895273
2023-09-16,18.4674727
2023-09-17,22.6376727
2023-09-18,24.9722545
2023-09-19,24.4225091
2023-09-20,22.6675818
2023-09-21,21.1860182
2023-09-22,23.3116000
2023-09-23,24.3026000
2023-09-24,26.9662909
2023-09-25,23.4027818
2023-09-26,24.0144727
2023-09-27,27.5026000
2023-09-28,17.0618000
2023-09-29,16.5939818
2023-09-30,19.6185455
2023-10-01,19.8063818
2023-10-02,17.7957636
2023-10-03,18.8604182
2023-10-04,21.3588182
2023-10-05,22.2396727
2023-10-06,22.4420000
2023-10-07,26.8559273
2023-10-08,20.8960364
2023-10-09,21.0347091
2023-10-10,18.7644000
2023-10-11,22.1586182
2023-10-12,23.1495091
2023-10-13,18.1019455
2023-10-14,15.2769818
2023-10-15,18.1251818
2023-10-16,21.5949273
2023-10-17,22.3042000
2023-10-18,19.7111273
2023-10-19,17.2872364
2023-10-20,17.2379091
2023-10-21,17.8766182
2023-10-22,19.6145818
2023-10-23,21.5187636
2023-10-24,24.3652727
2023-10-25,22.9479818
2023-10-26,19.5545818
2023-10-27,20.3593273
2023-10-28,21.7298364
2023-10-29,24.7663455
2023-10-30,23.9888545
2023-10-31,25.0588364
2023-11-01,20.3930182
2023-11-02,18.3072545
2023-11-03,22.2406727
2023-11-04,22.4359636
2023-11-05,18.4313818
2023-11-06,17.1178909
2023-11-07,18.0836909
2023-11-08,20.6708545
2023-11-09,25.5830909
2023-11-10,24.4300727
2023-11-11,24.5423636
2023-11-12,28.2295455
2023-11-13,29.5383636
2023-11-14,27.2978000
2023-11-15,25.4725818
2023-11-16,24.0294727
2023-11-17,27.7873636
2023-11-18,27.3668909
2023-11-19,25.5833455
2023-11-20,20.4517636
2023-11-21,22.9858909
2023-11-22,25.3710545
2023-11-23,25.0546909
2023-11-24,20.2518545
2023-11-25,16.8102545
2023-11-26,17.4059273
2023-11-27,20.7571091
2023-11-28,23.0184727
2023-11-29,22.2042727
2023-11-30,23.5446364
2023-12-01,24.0562909
2023-12-02,24.1847455
2023-12-03,26.0923818
2023-12-04,25.5014364
2023-12-05,22.8849273
2023-12-06,24.8084909
2023-12-07,26.9672364
2023-12-08,25.3592182
2023-12-09,19.7938909
2023-12-10,20.1458909
2023-12-11,21.1583091
2023-12-12,20.4789091
2023-12-13,21.0050909
2023-12-14,24.1807091
2023-12-15,24.8771818
2023-12-16,25.4863091
2023-12-17,25.2615091
2023-12-18,24.9796182
2023-12-19,23.3171273
2023-12-20,22.3553636
2023-12-21,22.9748000
2023-12-22,24.1186727
2023-12-23,24.2564182
2023-12-24,23.4306727
2023-12-25,25.8324000
2023-12-26,25.2707091
2023-12-27,20.6150727
2023-12-28,21.8700000
2023-12-29,25.4390909
2023-12-30,23.5320364
2023-12-31,20.2940000
2024-01-01,20.4769636
2024-01-02,22.0893091
2024-01-03,23.2632909
2024-01-04,21.3633636
2024-01-05,21.5222182
2024-01-06,22.0109455
2024-01-07,23.5951818
2024-01-08,25.8285273
2024-01-09,24.7764545
2024-01-10,25.6665818
2024-01-11,24.7549273
2024-01-12,24.6239818
2024-01-13,21.3935455
2024-01-14,21.9587455
2024-01-15,24.7703455
2024-01-16,27.3095818
2024-01-17,28.0605818
2024-01-18,25.8392182
2024-01-19,24.8122182
2024-01-20,23.7152909
2024-01-21,22.3209636
2024-01-22,20.8957273
2024-01-23,18.8300909
2024-01-24,18.6968545
2024-01-25,18.1719455
2024-01-26,17.9815455
2024-01-27,20.1313273
2024-01-28,20.7019273
2024-01-29,22.0497091
2024-01-30,24.3536000
2024-01-31,23.9950909
2024-02-01,21.1005455
2024-02-02,21.1114545
2024-02-03,21.6108000
2024-02-04,23.1756000
2024-02-05,22.6152000
2024-02-06,23.6242000
2024-02-07,23.8382000
2024-02-08,23.9533636
2024-02-09,24.5410727
2024-02-10,24.9062182
2024-02-11,24.9510909
2024-02-12,26.2167818
2024-02-13,27.3061455
2024-02-14,22.6838000
2024-02-15,20.6235273
2024-02-16,20.4896000
2024-02-17,21.5416000
2024-02-18,22.1714364
2024-02-19,21.7346000
2024-02-20,22.3920909
2024-02-21,21.3792000
2024-02-22,23.1588182
2024-02-23,24.8795273
2024-02-24,24.2823818
2024-02-25,23.6566909
2024-02-26,23.8013091
2024-02-27,25.6018364
2024-02-28,26.5877636
2024-02-29,25.0927455
2024-03-01,24.4740000
2024-03-02,22.5850182
2024-03-03,23.4146364
2024-03-04,24.2873636
2024-03-05,24.6283818
2024-03-06,22.5972000
2024-03-07,22.7331091
2024-03-08,23.9612182
2024-03-09,24.4705273
2024-03-10,24.4552909
2024-03-11,22.8029091
2024-03-12,21.2816000
2024-03-13,23.4363455
2024-03-14,24.6572545
2024-03-15,27.2839455
2024-03-16,27.9854000
2024-03-17,28.2320545
2024-03-18,25.2887091
2024-03-19,25.0695818
2024-03-20,25.5739636
2024-03-21,26.8103091
2024-03-22,21.8738909
2024-03-23,17.7856182
2024-03-24,18.6449818
2024-03-25,21.1795455
2024-03-26,20.7800182
2024-03-27,19.6219455
2024-03-28,19.3678182
2024-03-29,21.6827091
2024-03-30,22.3400000
2024-03-31,21.8134000
2024-04-01,21.6391636
2024-04-02,22.2441091
2024-04-03,23.0962545
2024-04-04,23.4218000
2024-04-05,23.2820364
2024-04-06,21.9294727
2024-04-07,21.3034182
2024-04-08,22.0293273
2024-04-09,22.3099636
2024-04-10,22.8310000
2024-04-11,21.7868909
2024-04-12,22.1622727
2024-04-13,22.9400182
2024-04-14,22.4897636
2024-04-15,22.9994545
2024-04-16,24.0694909
2024-04-17,24.1240000
2024-04-18,19.0832000
2024-04-19,17.7100182
2024-04-20,19.2184000
2024-04-21,20.1266909
2024-04-22,21.5787091
2024-04-23,22.8810182
2024-04-24,23.3824545
2024-04-25,22.0684545
2024-04-26,22.0552000
2024-04-27,23.5377455
2024-04-28,25.1887455
2024-04-29,23.9629273
2024-04-30,25.4920364
2024-05-01,24.6980000
2024-05-02,24.9778727
2024-05-03,24.0965273
2024-05-04,23.5373091
2024-05-05,24.6686000
2024-05-06,23.1573455
2024-05-07,23.9660364
2024-05-08,24.6698182
2024-05-09,24.3492727
2024-05-10,23.0464909
2024-05-11,23.1448182
2024-05-12,23.8836182
2024-05-13,24.9072727
2024-05-14,20.8959273
2024-05-15,17.3019273
2024-05-16,20.1197455
2024-05-17,24.6441636
2024-05-18,22.8383455
2024-05-19,20.9824364
2024-05-20,20.8350364
2024-05-21,18.5636364
2024-05-22,20.7132727
2024-05-23,22.1958545
2024-05-24,21.4710182
2024-05-25,16.8765818
2024-05-26,14.7787273
2024-05-27,16.2117273
2024-05-28,18.2826182
2024-05-29,14.6961818
2024-05-30,13.3423091
2024-05-31,14.5080000
2024-06-01,16.8765455
2024-06-02,17.2378000
2024-06-03,18.4627818
2024-06-04,17.3669636
2024-06-05,17.3199818
2024-06-06,17.5910364
2024-06-07,18.5399273
2024-06-08,18.9490727
2024-06-09,19.3973091
2024-06-10,21.1680000
2024-06-11,19.7259818
2024-06-12,19.5071818
2024-06-13,19.2200364
2024-06-14,20.6167091
2024-06-15,20.4981636
2024-06-16,20.4234182
2024-06-17,21.0692909
2024-06-18,20.8222364
2024-06-19,19.6114909
2024-06-20,19.0166545
2024-06-21,18.0380182
2024-06-22,18.8541455
2024-06-23,21.0185091
2024-06-24,22.1410182
2024-06-25,18.6217636
2024-06-26,19.7482909
2024-06-27,21.0019091
2024-06-28,18.7709636
2024-06-29,19.1857455
2024-06-30,14.4890000
2024-07-01,13.3353818
2024-07-02,16.1513636
2024-07-03,17.9140545
2024-07-04,19.8991636
2024-07-05,20.2405636
2024-07-06,18.2102727
2024-07-07,17.7162545
2024-07-08,14.9178727
2024-07-09,13.2824545
2024-07-10,16.9130364
2024-07-11,18.1399818
2024-07-12,17.1662182
2024-07-13,14.4798545
2024-07-14,16.9001273
2024-07-15,15.3584909
2024-07-16,16.2018364
2024-07-17,16.5299455
2024-07-18,17.8666364
2024-07-19,15.4683455
2024-07-20,15.4277636
2024-07-21,15.7902000
2024-07-22,18.0701273
2024-07-23,16.6336182
2024-07-24,17.7598727
2024-07-25,17.6358727
2024-07-26,18.3800364
2024-07-27,18.8053818
2024-07-28,19.9508545
2024-07-29,18.7427636
2024-07-30,15.0590364
2024-07-31,16.3334545
2024-08-01,17.6470000
2024-08-02,17.8280909
2024-08-03,20.1618545
2024-08-04,21.1862364
2024-08-05,22.3550909
2024-08-06,21.8131636
2024-08-07,22.2699636
2024-08-08,22.6028182
2024-08-09,19.9850727
2024-08-10,12.2820364
2024-08-11,11.5883091
2024-08-12,13.8395273
2024-08-13,10.6662182
2024-08-14,12.6773091
2024-08-15,16.8140545
2024-08-16,20.6600727
2024-08-17,21.7624909
2024-08-18,22.0206364
2024-08-19,22.6862909
2024-08-20,22.5068182
2024-08-21,19.2548182
2024-08-22,22.4910727
2024-08-23,23.3853273
2024-08-24,17.1411636
2024-08-25,13.3070545
2024-08-26,10.5524727
2024-08-27,10.7553636
2024-08-28,13.1672000
2024-08-29,16.8194545
2024-08-30,20.0889455
2024-08-31,19.7016182
2024-09-01,20.5962545
2024-09-02,21.2764545
2024-09-03,19.9088909
2024-09-04,23.4955273
2024-09-05,22.1146182
2024-09-06,16.8525818
2024-09-07,20.9874545
2024-09-08,24.9192000
2024-09-09,24.7622000
2024-09-10,23.5964000
2024-09-11,25.4297636
2024-09-12,25.0509636
2024-09-13,24.8199818
2024-09-14,23.8585273
2024-09-15,19.3627273
2024-09-16,16.1119636
2024-09-17,15.1308545
2024-09-18,16.4614909
2024-09-19,18.6207636
2024-09-20,21.6727273
2024-09-21,21.2790727
2024-09-22,22.8748364
2024-09-23,23.7520182
2024-09-24,23.6995818
2024-09-25,24.8409818
2024-09-26,27.1303636
2024-09-27,21.4092909
2024-09-28,17.1253636
2024-09-29,19.7186545
2024-09-30,21.8846545
2024-10-01,24.7391455
2024-10-02,26.8563455
2024-10-03,19.7219636
2024-10-04,16.0495273
2024-10-05,17.2480727
2024-10-06,18.7967091
2024-10-07,18.5921636
2024-10-08,20.4963273
2024-10-09,18.5147455
2024-10-10,19.4492909
2024-10-11,21.2601455
2024-10-12,21.5755091
2024-10-13,19.0697818
2024-10-14,18.5878182
2024-10-15,19.5492545
2024-10-16,21.0938545
2024-10-17,21.7145636
2024-10-18,20.0272909
2024-10-19,17.6637273
2024-10-20,15.6751636
2024-10-21,19.4894727
2024-10-22,23.5672364
2024-10-23,23.8560909
2024-10-24,23.1487636
2024-10-25,22.5378182
2024-10-26,24.6092909
2024-10-27,17.4638545
2024-10-28,17.5919636
2024-10-29,19.5741455
2024-10-30,20.4188182
2024-10-31,19.8248727
2024-11-01,20.9310909
2024-11-02,21.9829636
2024-11-03,20.4974545
2024-11-04,20.3506364
2024-11-05,22.5418000
2024-11-06,23.3343455
2024-11-07,22.0401636
2024-11-08,21.0365636
2024-11-09,18.5105636
2024-11-10,18.7882909
2024-11-11,21.5647636
2024-11-12,22.7036909
2024-11-13,17.3790000
2024-11-14,17.2314727
2024-11-15,19.6572182
2024-11-16,21.2868000
2024-11-17,22.2290545
2024-11-18,23.5196364
2024-11-19,22.4449273
2024-11-20,23.2219818
2024-11-21,21.7474364
2024-11-22,20.5216727
2024-11-23,20.3022545
2024-11-24,18.9628364
2024-11-25,21.4824364
2024-11-26,24.7698909
2024-11-27,27.4818182
2024-11-28,26.8513273
2024-11-29,24.0566364
2024-11-30,24.5549455
2024-12-01,24.1917636
2024-12-02,25.2792364
2024-12-03,22.0182182
2024-12-04,18.9460727
2024-12-05,20.8430909
2024-12-06,26.1406727
2024-12-07,27.1212545
2024-12-08,23.7790182
2024-12-09,23.9766000
2024-12-10,22.9834182
2024-12-11,20.5108364
2024-12-12,20.2972364
2024-12-13,20.9999455
2024-12-14,22.0991818
2024-12-15,23.7943273
2024-12-16,24.8091455
2024-12-17,21.0806909
2024-12-18,20.9398909
2024-12-19,22.9283818
2024-12-20,23.9166727
2024-12-21,22.3480364
2024-12-22,22.9646727
2024-12-23,21.2995636
2024-12-24,21.0154364
2024-12-25,23.2870000
2024-12-26,21.6053636
2024-12-27,21.5044545
2024-12-28,23.1566364
2024-12-29,22.4434364
2024-12-30,21.8222364
2024-12-31,22.0519273
2025-01-01,22.4326545
2025-01-02,24.3775091
2025-01-03,24.1280000
2025-01-04,24.5380727
2025-01-05,22.7482182
2025-01-06,22.8118727
2025-01-07,22.1236000
2025-01-08,21.5301091
2025-01-09,20.6232545
2025-01-10,20.7705091
2025-01-11,20.5544545
2025-01-12,20.3507091
2025-01-13,19.9309818
2025-01-14,19.1403818
2025-01-15,21.5896545
2025-01-16,23.2681818
2025-01-17,23.9333818
2025-01-18,25.7889455
2025-01-19,26.3603636
2025-01-20,26.7321455
2025-01-21,27.6077455
2025-01-22,26.5644909
2025-01-23,24.6420000
2025-01-24,23.7488727
2025-01-25,24.7436909
2025-01-26,23.2552727
2025-01-27,22.0306909
2025-01-28,22.0973818
2025-01-29,22.0874182
2025-01-30,21.8859273
2025-01-31,22.8975818
2025-02-01,22.1385273
2025-02-02,22.9661273
2025-02-03,22.5081273
2025-02-04,23.2475455
2025-02-05,23.9061818
2025-02-06,25.5059818
2025-02-07,24.6367455
2025-02-08,24.3688182
2025-02-09,24.7796545
2025-02-10,23.8743636
2025-02-11,25.6529273
2025-02-12,26.7167636
2025-02-13,24.8156364
2025-02-14,23.2345636
2025-02-15,24.2274545
2025-02-16,27.3147455
2025-02-17,28.7926545
2025-02-18,26.2495091
2025-02-19,24.1033818
2025-02-20,25.4975091
2025-02-21,24.9433818
2025-02-22,24.4975818
2025-02-23,24.2831273
2025-02-24,25.4279273
2025-02-25,25.6886727
2025-02-26,25.9485091
2025-02-27,25.2874727
2025-02-28,25.0094727
2025-03-01,25.3435091
2025-03-02,25.8220000
2025-03-03,23.6675273
2025-03-04,23.6106727
2025-03-05,23.7444727
2025-03-06,23.0788000
2025-03-07,23.7333818
2025-03-08,23.9698909
2025-03-09,25.2720000
2025-03-10,23.6937273
2025-03-11,23.5090909
2025-03-12,23.5034000
2025-03-13,23.8844364
2025-03-14,23.1034182
2025-03-15,22.8930000
2025-03-16,21.0744182
2025-03-17,22.0284727
2025-03-18,22.8019818
2025-03-19,21.1972909
2025-03-20,20.5667273
2025-03-21,20.9578909
2025-03-22,22.8243818
2025-03-23,22.0595818
2025-03-24,22.2790364
2025-03-25,23.5684182
2025-03-26,22.4420727
2025-03-27,22.7267818
2025-03-28,23.0573091
2025-03-29,22.6996364
2025-03-30,23.3020182
2025-03-31,22.4190727
2025-04-01,23.2806909
2025-04-02,25.0110182
2025-04-03,23.9801636
2025-04-04,22.5542909
2025-04-05,17.6988545
2025-04-06,17.8923091
2025-04-07,18.6364909
2025-04-08,19.9704727
2025-04-09,22.8334909
2025-04-10,20.9983091
2025-04-11,20.3321455
2025-04-12,20.7316000
2025-04-13,22.3792545
2025-04-14,20.2240364
2025-04-15,19.8902727
2025-04-16,20.8916545
2025-04-17,21.6456000
2025-04-18,21.4091091
2025-04-19,21.8860545
2025-04-20,19.9223091
2025-04-21,18.7547273
2025-04-22,18.1783091
2025-04-23,19.4338727
2025-04-24,21.1224545
2025-04-25,19.1393636
2025-04-26,20.5942000
2025-04-27,21.4847636
2025-04-28,21.2894000
2025-04-29,18.6600182
2025-04-30,17.8722727
2025-05-01,18.2452909
2025-05-02,18.8731818
2025-05-03,18.6909636
2025-05-04,18.9991818
2025-05-05,19.1527636
2025-05-06,19.5271273
2025-05-07,20.1114182
2025-05-08,21.8624545
2025-05-09,23.6836000
2025-05-10,21.5746000
2025-05-11,16.6930364
2025-05-12,17.4257818
2025-05-13,18.4939818
2025-05-14,17.8308545
2025-05-15,17.4228182
2025-05-16,18.9988909
2025-05-17,19.4945818
2025-05-18,20.7242182
2025-05-19,21.4511455
2025-05-20,21.2970182
2025-05-21,20.7701636
2025-05-22,20.3578364
2025-05-23,18.4764182
2025-05-24,17.9077636
2025-05-25,18.9062909
2025-05-26,20.0122364
2025-05-27,20.5360727
